{"cameraMode":{"drawMode":0,"name":"Shaded","section":"Shading Mode"},"sceneLighting":false,"audioPlay":false,"sceneViewState":{"showFog":true,"showMaterialUpdate":true,"showSkybox":false,"showFlares":true,"showImageEffects":true,"showParticleSystems":true},"in2DMode":false,"pivot":{"x":0.07999999821186066,"y":1.6612999439239503,"z":0.17000000178813935},"rotation":{"x":0.12682832777500153,"y":0.31971484422683718,"z":-0.043232209980487826,"w":0.9379945397377014},"size":0.6527805924415588,"orthographic":true}